{
    "receipt" : [
        {
            "debit_item": {
                "ledger_id": "1",
                "ledger_name": "CASH",
                "ledger_type": "C",
                "class_id": "30",
                "debit_amo": 1486
            }
        },
        {
            "credit_item": {
                "ledger_id": "1",
                "ledger_name": "UJAGAR",
                "ledger_type": "S",
                "class_id": "30",
                "credit_amo": 1486
            }
        }
    ],
    "salary_due" : [
        {
            "debit_item": {
                "ledger_id": "1",
                "ledger_name": "salary_ac",
                "ledger_type": "O",
                "debit_amo": 25000
            }
        },
        {
            "credit_item": {
                "ledger_id": "1",
                "ledger_name": "Mani Prakash",
                "ledger_type": "E",
                "credit_amo": 25000
            }
        }
    ],
    "pay_salary" : [
        {
            "debit_item": {
                "ledger_id": "1",
                "ledger_name": "Mani Prakash",
                "ledger_type": "E",
                "debit_amo": 25000
            }
        },
        {
            "credit_item": {
                "ledger_id": "1",
                "ledger_name": "CASH",
                "ledger_type": "O",
                "credit_amo": 25000
            }
        }
    ],
    "contra" : [
        {
            "debit_item": {
                "ledger_id": "1",
                "ledger_name": "Owner",
                "ledger_type": "O",
                "debit_amo": 25000
            }
        },
        {
            "credit_item": {
                "ledger_id": "1",
                "ledger_name": "CASH",
                "ledger_type": "O",
                "credit_amo": 25000
            }
        }
    ],
    "contra" : [
        {
            "debit_item": {
                "ledger_id": "1",
                "ledger_name": "BANK",
                "ledger_type": "O",
                "debit_amo": 25000
            }
        },
        {
            "credit_item": {
                "ledger_id": "1",
                "ledger_name": "OWNER",
                "ledger_type": "O",
                "credit_amo": 25000
            }
        }
    ]
}