{
  "0": "welcome",
  "1": "Form",
  "2": "From (Wrong GSTN)",
  "3": "To (Right GSTN)",
  "4": "Detail",
  "5": "Merge",
  "6": "View",
  "7": "Add",
  "8": "Modify",
  "9": "Delete",
  "400": "{{menu2.name}}",
  "401": "{{menu3.name}}",
  "402": "{{menu4.name}}",
  "403": "{{menu5.name}}",
  "404": "Menu Item",
  "405": "Expandable Menu Item",
  "406": "Submenu Item",
  "407": "PROCEDURE",
  "408": "Execute",
  "409": "Result_{{i+1}}",
  "300": "SGST",
  "301": "Cess On",
  "302": "Condition",
  "303": "Cess Rate (Qty)",
  "304": "Cess Value (Qty)",
  "305": "Cess On (Qty)",
  "306": "DisplayIn List",
  "307": "GstRates",
  "308": "Service Category",
  "309": "Service Provider Rate",
  "310": "Service Receipient Rate",
  "311": "HSN/SAC Code",
  "312": "Cin No",
  "313": "Resgistered Office Address",
  "314": "Email",
  "315": "Mobile No",
  "316": "DOB",
  "317": "DIN",
  "318": "Primary Address",
  "319": "Secondary Address",
  "320": "Type of Firm",
  "200": "PIN Code",
  "321": "FRN No",
  "201": "GSTN User Name",
  "322": "GLN No",
  "202": "GSTN Password",
  "323": "Trade Name",
  "203": "Center Jurisdiction",
  "324": "Center Jusrisdiction",
  "204": "State Jurisdiction",
  "325": "State Jusrisdiction",
  "205": "Date of Registration",
  "326": "Date of Cancellation",
  "206": "GSTNIN/UIN Status",
  "327": "Opted Out",
  "207": "Date of Cancelation",
  "328": "Verify",
  "208": "Dealer Type",
  "329": "Get Filing Return Status",
  "209": "Composition Dealer",
  "330": "Verify From GSTN",
  "210": "Opted In",
  "331": "Update Trade Name",
  "211": "EntryMode",
  "332": "DOB/DOI",
  "212": "Profile",
  "333": "PAN Status",
  "213": "Contact",
  "334": "Email-1",
  "214": "First Name 123",
  "335": "Email-2",
  "215": "Middle",
  "336": "Mobile No-1",
  "216": "last",
  "337": "Mobile No-2",
  "217": "Full Name",
  "338": "Passport",
  "218": "Nick Name",
  "339": "Valid From",
  "219": "Father Name",
  "340": "Valid To",
  "220": "Mother Name",
  "341": "Issue Date",
  "100": "Close",
  "221": "Date of Birth",
  "342": "Place of Issue",
  "101": "Forgot Password",
  "222": "Date of Death",
  "343": "Date of Certification",
  "102": "Eligibility",
  "223": "Gender",
  "344": "UID Status",
  "103": "From Name",
  "224": "Marital Status",
  "345": "Receiver Name",
  "104": "form Caption",
  "225": "Spouse Name",
  "346": "E-TIN No",
  "105": "Module Name",
  "226": "Nationality",
  "347": "Rank",
  "106": "Form Type",
  "227": "From",
  "348": "Mobile",
  "107": "Section Name",
  "228": "To",
  "349": "User Code",
  "108": "Invoice Type",
  "229": "PAN",
  "109": "Invoice Code",
  "350": "GSTN Type",
  "230": "Passport No.",
  "351": "Import From GST",
  "110": "Name",
  "231": "UID No.",
  "352": "Check Availability",
  "111": "Port Name",
  "232": "DIN No.",
  "353": "Add Goods",
  "112": "Port Code",
  "233": "Membership No.",
  "354": "Delete Goods",
  "113": "Note Type",
  "234": "Next >",
  "355": "Append",
  "114": "Reason",
  "235": "Gst No.",
  "356": "Override",
  "115": "Reason Code",
  "236": "{{statusName ? statusName : 'Owner'}}",
  "357": "Gstin",
  "116": "Remark",
  "237": "Manager",
  "358": "Get Receiver Details",
  "117": "Section Code",
  "238": "Auditor",
  "359": "Yes",
  "118": "Form module",
  "239": "Bank",
  "119": "Form Name",
  "10": "Cancel",
  "11": "Business No/Flat No/ Door No",
  "12": "Name of Premises/ Building",
  "13": "Road/ Street/ Lane",
  "14": "Locality/ Area/ Village",
  "15": "Country",
  "16": "State",
  "17": "City",
  "18": "Zip Code",
  "19": "District",
  "360": "No",
  "240": "Goods And Service",
  "361": "Return Type",
  "120": "Turn Over",
  "241": "Pf Detail",
  "362": "Client",
  "121": "Return Periodicity",
  "242": "Setting Detail",
  "363": "Get Client",
  "122": "From Date",
  "243": "Additional Detail",
  "364": "Complete",
  "123": "To Date",
  "244": "Code No. Alloted by EPF",
  "365": "selected",
  "124": "Import",
  "245": "PF Regional Office",
  "366": "First Name",
  "125": "New",
  "246": "PF Coverage Date",
  "367": "Firm Name",
  "126": "status",
  "247": "Pension Coverage Date",
  "368": "User Role",
  "127": "Ok",
  "248": "ESI Number",
  "369": "GSTN",
  "128": "Show Model",
  "249": "ESI Local Office",
  "129": "Company Category Name",
  "20": "Tehsil",
  "21": "Post Office",
  "22": "Municipal No.",
  "23": "Consolidated Address",
  "24": "Save",
  "25": "Update",
  "26": "Back",
  "27": "�",
  "28": "City Name",
  "29": "City Code",
  "370": "Copy Role Rights(Menu) On User",
  "250": "PT Reg. Certificate No.",
  "371": "Menu Rights",
  "130": "Company Category Code",
  "251": "PTO Circle No.",
  "372": "Remove Rights",
  "131": "Label Table NAF!!",
  "252": "PT Enr. Certificate No.",
  "373": "Activate Login",
  "132": "Company Class Name",
  "253": "Website",
  "374": "Button Rights",
  "133": "Company Class Code",
  "254": "...",
  "375": "Users",
  "134": "Company Roc Name",
  "255": "Client Code",
  "376": "Copy Button Rights On User",
  "135": "Company Roc Code",
  "256": "Name of Organisation",
  "377": "Old Password",
  "136": "Company Sub Category Name",
  "257": "Date of Incorporation",
  "378": "New Password",
  "137": "Company Sub Category Code",
  "258": "Date of Start",
  "379": "Re-Type New Password",
  "138": "Company Type Name",
  "259": "Date of Closer",
  "139": "Company Type Code",
  "30": "Editable",
  "31": "Display In List",
  "32": "Apply",
  "33": "Amend Details",
  "34": "Label NAF!!",
  "35": "Not Used",
  "36": "Details",
  "37": "Country Name",
  "38": "Country Code",
  "39": "District Name",
  "380": "Year :",
  "260": "TAN",
  "381": "Month :",
  "140": "Company Type Of Industry Name",
  "261": "Shop Registration No",
  "382": "Client Name :",
  "141": "Company Type Of Industry Code",
  "262": "CIN/FRN/GLN",
  "383": "GST No. :",
  "142": "Also Apply this on Login Page",
  "263": "Type of Company",
  "384": "State Name :",
  "143": "{{input.label}}",
  "264": "Class Of Company",
  "385": "User Name :",
  "144": "Appy Option Theme",
  "265": "Having Share Capital",
  "386": "Mode :",
  "145": "�Apply Theme",
  "266": "Sub-Category",
  "387": "{{appName}}",
  "146": "Reset",
  "267": "Others, If Any",
  "388": "Important Date",
  "147": "Homepage Backgrounds",
  "268": "Sec. 8 License No.",
  "389": "Search Taxpayer",
  "148": "Menu Position",
  "269": "Type of Industry",
  "149": "{{theme.section_name}}",
  "40": "District Code",
  "41": "Municipal Name",
  "42": "Code",
  "43": "Exit",
  "44": "Post Office Name",
  "45": "Post Office Code",
  "46": "Particular",
  "47": "State Name",
  "48": "State Code",
  "49": "Check this custom checkbox",
  "390": "SAG Live Support",
  "270": "Prefill",
  "391": "Help",
  "150": "Page Name",
  "271": "Leave Setup Type",
  "392": "Online Help",
  "151": "Suggestion",
  "272": "Default Attendance",
  "393": "Offline Help",
  "152": "{{option.name}}",
  "273": "Employee List Order",
  "394": "Language",
  "153": "{{subele.name}}",
  "274": "Show Branch Name with Branch Code",
  "395": "New Update",
  "154": "CIN",
  "275": "Do Not Generate PF No Autometically",
  "396": "SAG",
  "155": "Type of Deductor",
  "276": "Has address of Employer Changed Since Submitting the Last Return",
  "397": "Logout",
  "156": "Govt.",
  "277": "Qualification Name",
  "398": "{{appData.appName}}",
  "157": "Union Govt.",
  "278": "Qualification Code",
  "399": "{{menu1.name}}",
  "158": "Other",
  "279": "Calendar Year",
  "159": "PAO Code",
  "50": "Tehsil Name",
  "51": "Name of Bank",
  "52": "Address",
  "53": "MICR",
  "54": "IFSC",
  "55": "BSR",
  "56": "Bank Detail",
  "57": "Bank Name",
  "58": "Bank Code",
  "59": "Group Name",
  "280": "Financial Year",
  "160": "DDO Code",
  "281": "Half Year Type",
  "161": "Ministry Name",
  "282": "Half Year Code",
  "162": "Ministry (If Others)",
  "283": "Period Type",
  "163": "PAO Reg. No.",
  "284": "Period Type Code",
  "164": "DDO Reg. No.",
  "285": "Quarter Name",
  "165": "TDS Circle",
  "286": "Quarter Code",
  "166": "TAN Reg. No.",
  "287": "Half Yearly",
  "167": "AIN of PAO/To/CDDO",
  "288": "Half Yearly Code",
  "168": "LWF Reg. No.",
  "289": "Year Type",
  "169": "Labour Identification No.",
  "60": "Group Code",
  "61": "Contact type",
  "62": "Email Id",
  "63": "URL",
  "64": "ISD Code",
  "65": "Editble",
  "66": "STD Code",
  "67": "Landline No.",
  "68": "Mobile Number",
  "69": "Designation",
  "290": "Owner Type",
  "170": "Branch/Division",
  "291": "Title Name",
  "171": "Prev",
  "292": "Status Name",
  "172": "View Option",
  "293": "Status Code",
  "173": "Principal Place",
  "294": "Edittable",
  "174": "Additional Place",
  "295": "Cess Type",
  "175": "Name of Address",
  "296": "Cess Rate",
  "176": "Title of Property",
  "297": "Option",
  "177": "{{obj.naturebzName}}",
  "298": "IGST",
  "178": "x",
  "299": "CGST",
  "179": "Primary",
  "70": "Under Status",
  "71": "Owners",
  "72": "Maganer",
  "73": "Signatory",
  "74": "Year",
  "75": "Period",
  "76": "Return Form No",
  "77": "Filing Period",
  "78": "Due Date",
  "79": "Extended Due Date",
  "180": "Address of Bank",
  "181": "IFSC Code",
  "182": "MICR Code",
  "183": "Type of Account",
  "184": "Bank Account Number",
  "185": "Get Detail",
  "186": "Chapter",
  "187": "Sub-Chapter",
  "188": "HSN Code",
  "189": "Item",
  "80": "Notification No",
  "81": "Type of Dealer",
  "82": "Category Name",
  "83": "Chapter Name",
  "84": "Category",
  "85": "HSN SAC Code",
  "86": "Description",
  "87": "Short Name",
  "88": "Sub-Chapter Code",
  "89": "Sub-Chapter Name",
  "190": "SKU",
  "191": "Short Key",
  "192": "Goods",
  "193": "Services",
  "194": "SAC Code",
  "195": "GST No",
  "196": "ETIN",
  "197": "Rating",
  "198": "Status {{statusId}}",
  "199": "Verify Date",
  "90": "Chapter Code",
  "91": "Type",
  "92": "Item Name",
  "93": "HSN SAC Short Name",
  "94": "Name : {{formInfo.selectedClient['clientName'] }}",
  "95": "GSTN No :{{formInfo.selectedClient['gstNo']}}",
  "96": "User Name",
  "97": "Password",
  "98": "Enter Captcha",
  "99": "Submit"
}