[
  {
    "admission_number": "447",
    "student_name": "ANIRUDDH SHARMA",
    "father_name": "MUKESH KUMAR SHARMA",
    "studying_in_class": "PP.4+",
    "address": "",
    "total_amount": "234",
    "medium": "English",
    "checked": false,
    "abc": [
      {
        "id": "132",
        "fee_amount": "234",
        "total_amount": "234",
        "balance_amount": null,
        "deposit_date": "2019-11-21",
        "description": "ANIRUDDH SHARMA of PP.4+, ____ deposit amount is: Monthly of July,August,September = 135/-, Sports of July = 54/-, Library of July = 45/- and GTotal Rs.= 234/-",
        "verify": "0",
        "checked": false,
        "xsd": [
          {
            "id": "51",
            "fee_amount": "45",
            "fee_title": "Library",
            "month_of_fee": "July"
          },
          {
            "id": "50",
            "fee_amount": "54",
            "fee_title": "Sports",
            "month_of_fee": "July"
          },
          {
            "id": "49",
            "fee_amount": "45",
            "fee_title": "Monthly",
            "month_of_fee": "September"
          },
          {
            "id": "48",
            "fee_amount": "45",
            "fee_title": "Monthly",
            "month_of_fee": "August"
          },
          {
            "id": "47",
            "fee_amount": "45",
            "fee_title": "Monthly",
            "month_of_fee": "July"
          }
        ]
      }
    ]
  },
  {
    "admission_number": "472",
    "student_name": "AARVIK SHARMA",
    "father_name": "DHARMENDRA SHARMA",
    "studying_in_class": "PP.4+",
    "address": "",
    "total_amount": "538",
    "medium": "English",
    "checked": false,
    "abc": [
      {
        "id": "131",
        "fee_amount": "90",
        "total_amount": "50",
        "balance_amount": null,
        "deposit_date": "2019-12-21",
        "description": "AARVIK SHARMA of PP.4+, ____ deposit amount is: , Convence of July,August = 90/- and GTotal Rs.= 90/-",
        "verify": "0",
        "checked": false,
        "xsd": [
          {
            "id": "46",
            "fee_amount": "25",
            "fee_title": "Convence",
            "month_of_fee": "August"
          },
          {
            "id": "45",
            "fee_amount": "25",
            "fee_title": "Convence",
            "month_of_fee": "July"
          }
        ]
      },
      {
        "id": "130",
        "fee_amount": "45",
        "total_amount": "45",
        "balance_amount": null,
        "deposit_date": "2019-11-27",
        "description": "AARVIK SHARMA of PP.4+, ____ deposit amount is: , Registration of Yes = 45/- and GTotal Rs.= 45/-",
        "verify": "0",
        "checked": false,
        "xsd": [
          {
            "id": "44",
            "fee_amount": "45",
            "fee_title": "Registration",
            "month_of_fee": "Yes"
          }
        ]
      },
      {
        "id": "126",
        "fee_amount": "540",
        "total_amount": "443",
        "balance_amount": null,
        "deposit_date": "2019-11-26",
        "description": "AARVIK SHARMA of PP.4+, ____ deposit amount is: Monthly of July,August,September,October,November,December,January,February,March,April,May,June = 540/- and GTotal Rs.= 540/-",
        "verify": "1",
        "checked": false,
        "xsd": [
          {
            "id": "24",
            "fee_amount": "37",
            "fee_title": "Monthly",
            "month_of_fee": "June"
          },
          {
            "id": "23",
            "fee_amount": "37",
            "fee_title": "Monthly",
            "month_of_fee": "May"
          },
          {
            "id": "22",
            "fee_amount": "37",
            "fee_title": "Monthly",
            "month_of_fee": "April"
          },
          {
            "id": "21",
            "fee_amount": "37",
            "fee_title": "Monthly",
            "month_of_fee": "March"
          },
          {
            "id": "20",
            "fee_amount": "37",
            "fee_title": "Monthly",
            "month_of_fee": "February"
          },
          {
            "id": "19",
            "fee_amount": "37",
            "fee_title": "Monthly",
            "month_of_fee": "January"
          },
          {
            "id": "18",
            "fee_amount": "37",
            "fee_title": "Monthly",
            "month_of_fee": "December"
          },
          {
            "id": "17",
            "fee_amount": "37",
            "fee_title": "Monthly",
            "month_of_fee": "November"
          },
          {
            "id": "16",
            "fee_amount": "37",
            "fee_title": "Monthly",
            "month_of_fee": "October"
          },
          {
            "id": "15",
            "fee_amount": "37",
            "fee_title": "Monthly",
            "month_of_fee": "September"
          },
          {
            "id": "14",
            "fee_amount": "37",
            "fee_title": "Monthly",
            "month_of_fee": "August"
          },
          {
            "id": "13",
            "fee_amount": "37",
            "fee_title": "Monthly",
            "month_of_fee": "July"
          }
        ]
      }
    ]
  }
]