{
  "0": "स्वागत",
  "1": "फॉर्म",
  "2": "से (गलत GSTN)",
  "3": "तक (सही GSTN) ",
  "4": "विस्तार",
  "5": "मिलना",
  "6": "देखना",
  "7": "जोड़ना",
  "8": "रूप बदलना",
  "9": "हटाएं",
  "400": "{{menu2.name}}",
  "401": "{{menu3.name}}",
  "402": "{{menu4.name}}",
  "403": "{{menu5.name}}",
  "404": "मेनू आइटम",
  "405": "विस्तार मेनू आइटम",
  "406": "सबमेनू आइटम",
  "407": "प्रक्रिया",
  "408": "निष्पादित",
  "409": "Result_{{i+1}}",
  "300": "एसजीएसटी",
  "301": "पर उपकर",
  "302": "शर्त",
  "303": "उपकर दर (मात्रा)",
  "304": "उपकर मूल्य (मात्रा)",
  "305": "उपकर (मात्रा)",
  "306": "प्रदर्शन सूची",
  "307": "GstRates",
  "308": "सेवा श्रेणी",
  "309": "सेवा प्रदाता दर",
  "310": "सेवा प्राप्तकर्ता दर",
  "311": "HSN / SAC Code",
  "312": "Cin No",
  "313": "पंजीकृत कार्यालय पता",
  "314": "ईमेल",
  "315": "मोबाइल न",
  "316": "जन्म तिथि",
  "317": "दीन",
  "318": "प्राथमिक पता",
  "319": "माध्यमिक पता",
  "320": "फर्म का प्रकार",
  "200": "पिन कोड",
  "321": "एफआरएन नं",
  "201": "GSTN उपयोगकर्ता नाम",
  "322": "जीएलएन नं",
  "202": "GSTN पासवर्ड",
  "323": "व्यापारिक नाम",
  "203": "व्यापारिक नाम",
  "324": "केंद्र क्षेत्राधिकार",
  "204": "राज्य क्षेत्राधिकार",
  "325": "राज्य क्षेत्राधिकार",
  "205": "पंजीकरण की तिथि",
  "326": "रद्द करने की तारीख",
  "206": "GSTNIN / UIN स्थिति",
  "327": "बाहर का विकल्प चुना",
  "207": "रद्द करने की तारीखn",
  "328": "सत्यापित करें",
  "208": "डीलर प्रकार",
  "329": "फाइलिंग रिटर्न स्थिति प्राप्त करें",
  "209": "रचना का सौदागर",
  "330": "GSTN से सत्यापित करें",
  "210": "में चुना",
  "331": "ट्रेड नेम को अपडेट करें",
  "211": "प्रविष्टि साधन",
  "332": "जन्म तिथि / DOI",
  "212": "रूपरेखा",
  "333": "पैन की स्थिति",
  "213": "संपर्क करें",
  "334": "ईमेल -1",
  "214": "पहला नाम 123",
  "335": "ईमेल -2",
  "215": "मध्य",
  "336": "मोबाइल नंबर -1",
  "216": "अंतिम",
  "337": "मोबाइल नंबर -2",
  "217": "पूरा नाम",
  "338": "पासपोर्ट",
  "218": "मुंह बोला नाम",
  "339": "से मान्य",
  "219": "पिता का नाम",
  "340": "इस तक मान्य",
  "220": "मां का नाम",
  "341": "जारी करने की तिथि",
  "100": "बंद करे",
  "221": "जन्म की तारीख",
  "342": "मुद्दे की जगह",
  "101": "पासवर्ड भूल गए",
  "222": "मृत्यु तिथि",
  "343": "प्रमाणन की तिथि",
  "102": "योग्यता",
  "223": "लिंग",
  "344": "यूआईडी स्थिति",
  "103": "नाम से",
  "224": "वैवाहिक स्थिति",
  "345": "प्राप्तकर्ता का नाम",
  "104": "रूप कैप्शन",
  "225": "जीवनसाथी का नाम",
  "346": "ई-टिन नं",
  "105": "मोड्यूल का नाम",
  "226": "राष्ट्रीयता",
  "347": "पद",
  "106": "फार्म का प्रकार",
  "227": "से",
  "348": "मोबाइल",
  "107": "अनुभाग का नाम",
  "228": "तक",
  "349": "उपयोगकर्ता कोड",
  "108": "चालान प्रकार",
  "229": "पैन",
  "109": "चालान कोड",
  "350": "जीएसटीएन प्रकार",
  "230": "पासपोर्ट संख्या",
  "351": "जीएसटी से आयात",
  "110": "नाम",
  "231": "UID No.",
  "352": "उपलब्धता जाँचें",
  "111": "पोर्ट नाम",
  "232": "दीन नं।",
  "353": "माल जोड़ें",
  "112": "पोर्ट कोड",
  "233": "सदस्यता सं।",
  "354": "माल हटाएँ",
  "113": "नोट प्रकार",
  "234": "अगला >",
  "355": "संलग्न",
  "114": "कारण",
  "235": "Gst No.",
  "356": "रद्द करना",
  "115": "कारण कोड",
  "236": "{{statusName ? statusName : 'Owner'}}",
  "357": "Gstin",
  "116": "टिप्पणी",
  "237": "मैनेजर",
  "358": "रिसीवर विवरण प्राप्त करें",
  "117": "अनुभाग कोड",
  "238": "लेखा परीक्षक",
  "359": "हाँ",
  "118": "फॉर्म मॉड्यूल",
  "239": "बैंक",
  "119": "फ़ार्म का नाम",
  "10": "रद्द करना",
  "11": "बिज़नेस नं। / फ्लैट नं। / डोर नं",
  "12": "परिसर / भवन का नाम",
  "13": "सड़क / स्ट्रीट / लेन",
  "14": "इलाके / क्षेत्र / गांव",
  "15": "देश",
  "16": "राज्य",
  "17": "शहर",
  "18": "ज़िप कोड",
  "19": "जिला",
  "360": "नहीं",
  "240": "माल और सेवा",
  "361": "वापसी प्रकार",
  "120": "टर्न ओवर",
  "241": "भविष्य निधि विस्तार",
  "362": "ग्राहक",
  "121": "वापसी की आवधिकता",
  "242": "विस्तार की स्थापना",
  "363": "क्लाइंट प्राप्त करें",
  "122": "तारीख से",
  "243": "अतिरिक्त विस्तार",
  "364": "पूर्ण",
  "123": "तारीख तक",
  "244": "ईपीएफ द्वारा आवंटित कोड संख्या",
  "365": "चयनित",
  "124": "आयात",
  "245": "पीएफ क्षेत्रीय कार्यालय",
  "366": "पहला नाम",
  "125": "नया",
  "246": "पीएफ कवरेज की तारीख",
  "367": "फर्म का नाम",
  "126": "स्थिति",
  "247": "पेंशन कवरेज की तारीख",
  "368": "उपयोगकर्ता भूमिका",
  "127": "ठीक है",
  "248": "ईएसआई नंबर",
  "369": "GSTN",
  "128": "मॉडल दिखाएं",
  "249": "ईएसआई स्थानीय कार्यालय",
  "129": "कंपनी श्रेणी का नाम",
  "20": "तहसील",
  "21": "Post Office",
  "22": "डाक घर.",
  "23": "समेकित पता",
  "24": "Save",
  "25": "अपडेट करें",
  "26": "वापस",
  "27": "�",
  "28": "शहर का नाम",
  "29": "शहर का कोड",
  "370": "उपयोगकर्ता पर रोल राइट्स (मेनू) कॉपी करें",
  "250": "पीटी रजि। प्रमाणपत्र संख्या।",
  "371": "मेनू अधिकार",
  "130": "कंपनी श्रेणी कोड",
  "251": "PTO सर्किल नं।",
  "372": "अधिकार निकालें",
  "131": "लेबल तालिका NAF !!",
  "252": "पीटी एनर। प्रमाणपत्र संख्या।",
  "373": "लॉगिन सक्रिय करें",
  "132": "कंपनी वर्ग का नाम",
  "253": "वेबसाइट",
  "374": "बटन अधिकार",
  "133": "कंपनी क्लास कोड",
  "254": "...",
  "375": "उपयोगकर्ता",
  "134": "कंपनी Roc नाम",
  "255": "ग्राहक कोड",
  "376": "उपयोगकर्ता पर बटन अधिकार कॉपी करें",
  "135": "कंपनी Roc कोड",
  "256": "संगठन का नाम",
  "377": "पुराना पासवर्ड",
  "136": "कंपनी उप श्रेणी का नाम",
  "257": "निगमन की तारीख",
  "378": "नया पासवर्ड",
  "137": "कंपनी उप श्रेणी कोड",
  "258": "प्रारंभ की तिथि",
  "379": "नया पासवर्ड दोबारा टाइप करें",
  "138": "कंपनी प्रकार नाम",
  "259": "क्लोजर की तारीख",
  "139": "कंपनी प्रकार कोड",
  "30": "संपादन योग्य",
  "31": "सूची में प्रदर्शित करें",
  "32": "लागू",
  "33": "विवरण में संशोधन करें",
  "34": "लेबल NAF !!",
  "35": "उपयोग नहीं किया",
  "36": "विवरण",
  "37": "देश का नाम",
  "38": "देश कोड",
  "39": "जिला का नाम",
  "380": "साल :",
  "260": "टैन",
  "381": "महीना :",
  "140": "कंपनी का प्रकार उद्योग का नाम",
  "261": "दुकान का पंजीकरण नं",
  "382": "ग्राहक का नाम :",
  "141": "कंपनी प्रकार के उद्योग कोड",
  "262": "CIN / FRN / GLN",
  "383": "GST No. :",
  "142": "यह भी लॉगिन पेज पर लागू करें",
  "263": "कंपनी का प्रकार",
  "384": "राज्य का नाम :",
  "143": "{{Input.label}}",
  "264": "कंपनी की कक्षा",
  "385": "उपयोगकर्ता नाम",
  "144": "Appy विकल्प थीम",
  "265": "शेयर कैपिटल होना",
  "386": "मोड:",
  "145": "विषय लागू करें",
  "266": "उप-श्रेणी",
  "387": "{{एप्लिकेशन का नाम}}",
  "146": "रीसेट",
  "267": "अन्य, यदि कोई हो",
  "388": "महत्वपूर्ण तारीख",
  "147": "मुखपृष्ठ पृष्ठभूमि",
   "268": "सेकंड 8 लाइसेंस नंबर",
   "389": "खोज करदाता",
   "148": "मेनू स्थिति",
   "269": "उद्योग का प्रकार",
  "149": "{{Theme.section_name}}",
  "40": "जिला कोड",
  "41": "नगर का नाम",
  "42": "कोड",
  "43": ",बाहर जाएं",
  "44": "पोस्ट ऑफिस का नाम",
  "45": "पोस्ट ऑफिस कोड",
  "46": "विशेष",
  "47": "राज्य का नाम",
  "48": "राज्य कोड",
  "49": "इस कस्टम चेकबॉक्स की जाँच करें",
  "390": "SAG लाइव सपोर्ट",
  "270": "पहले से भरा हुआ",
  "391": "मदद",
  "150": "पन्ने का नाम",
  "271": "सेटअप प्रकार छोड़ दें",
  "392": "ऑनलाइन सहायता",
  "151": "सुझाव",
  "272": "डिफ़ॉल्ट उपस्थिति",
  "393": "ऑफ़लाइन सहायता",
  "152": "{{option.name}}",
  "273": "कर्मचारी सूची क्रम",
  "394": "भाषा",
  "153": "{{subele.name}}",
  "274": "शाखा कोड के साथ शाखा का नाम दिखाएं",
  "395": "नई अपडेट",
  "154": "CIN",
  "275": "पीएफ न बनाएं स्वचालित रूप से नहीं",
  "396": "SAG",
  "155": "डिडक्टर का प्रकार",
  "276": "अंतिम रिटर्न जमा करने के बाद से नियोक्ता का पता बदल गया है",
  "397": "लॉग आउट",
  "156": "सरकार.",
  "277": "योग्यता का नाम",
  "398": "{{appData.appName}}",
  "157": "संघ सरकार।",
  "278": "योग्यता कोड",
  "399": "{{menu1.name}}",
  "158": "अन्य",
  "279": "कलेंडर वर्ष",
  "159": "पाओ कोड",
  "50": "तहसील का नाम",
  "51": "बैंक का नाम",
  "52": "पता",
  "53": "MICR",
  "54": "IFSC",
  "55": "बीएसआर",
  "56": "बैंक का विवरण",
  "57": "बैंक का नाम",
  "58": "बैंक कोड",
  "59": "समूह का नाम",
  "280": "वित्तीय वर्ष",
  "160": "डीडीओ कोड",
  "281": "आधा साल का प्रकार",
  "161": "मंत्रालय का नाम",
  "282": "आधा साल का कोड",
  "162": "मंत्रालय (दूसरों के)",
  "283": "अवधि प्रकार",
  "163": "पीएओ रजि। नहीं।",
  "284": "अवधि प्रकार कोड",
  "164": "डीडीओ रजि। नहीं।",
  "285": "क्वार्टर का नाम",
  "165": "टीडीएस सर्कल",
  "286": "क्वार्टर कोड",
  "166": "टैन रजि। नहीं।",
  "287": "अर्धवार्षिक",
  "167": "PAO / To / CDDO का AIN",
  "288": "अर्धवार्षिक संहिता",
  "168": "LWF Reg. No.",
  "289": "वर्ष प्रकार",
  "169": "श्रम पहचान संख्या",
  "60": "समूह कोड",
  "61": "संपर्क प्रकार",
  "62": "ईमेल आईडी",
  "63": "यूआरएल",
  "64": "आईएसडी कोड",
  "65": "संपादन योग्य",
  "66": "एसटीडी कोड",
  "67": "लैंडलाइन नंबर।",
  "68": "मोबाइल नंबर",
  "69": "पद",
  "290": "मालिक प्रकार",
  "170": "शाखा / प्रभाग",
  "291": "शीर्षक नाम",
  "171": "पिछला",
  "292": "स्थिति का नाम",
  "172": "विकल्प देखें",
  "293": "स्थिति का कोड",
  "173": "प्रधान स्थान",
  "294": "Edittable",
  "174": "अतिरिक्त जगह",
  "295": "उपकर प्रकार",
  "175": "पते का नाम",
  "296": "उपकर की दर",
  "176": "संपत्ति का शीर्षक",
  "297": "विकल्प",
  "177": "{{obj.naturebzName}}",
  "298": "IGST",
  "178": "x",
  "299": "CGST",
  "179": "मुख्य",
  "70": "स्थिति के तहत",
  "71": "मालिकों",
  "72": "मैनेजर",
  "73": "हस्ताक्षरकर्ता",
  "74": "साल",
  "75": "अवधि",
  "76": "रिटर्न फॉर्म नं",
  "77": "दाखिल करने की अवधि",
  "78": "नियत तारीख",
  "79": "विस्तारित नियत तिथि",
  "180": "बैंक का पता",
  "181": "IFSC कोड",
  "182": "MICR कोड",
  "183": "खाते का प्रकार",
  "184": "बैंक खाता संख्या",
  "185": "विस्तार से पायें",
  "186": "अध्याय",
  "187": "उप-अध्याय",
  "188": "HSN कोड",
  "189": "मद",
  "80": "अधिसूचना सं",
  "81": "डीलर का प्रकार",
  "82": "श्रेणी नाम",
  "83": "अध्याय का नाम",
  "84": "वर्ग",
  "85": "एचएसएन सैक कोड",
  "86": "विवरण",
  "87": "संक्षिप्त नाम",
  "88": "उप-अध्याय कोड",
  "89": "उप-अध्याय का नाम",
  "190": "SKU",
  "191": "लघु कुंजी",
  "192": "माल",
  "193": "सेवाएं",
  "194": "सैक कोड",
  "195": "जीएसटी नं",
  "196": "ETIN",
  "197": "रेटिंग",
  "198": "Status {{statusId}}",
  "199": "दिनांक सत्यापित करें",
  "90": "अध्याय कोड",
  "91": "प्रकार",
  "92": "वस्तु का नाम",
  "93": "एचएसएन सैक लघु नाम",
  "94": "Name : {{formInfo.selectedClient['clientName'] }}",
  "95": "GSTN No :{{formInfo.selectedClient['gstNo']}}",
  "96": "उपयोगकर्ता नाम",
  "97": "कुंजिका",
  "98": "केप्चा भरे",
  "99": "प्रस्तुत"
}