{
  "0": "સ્વાગત છે",
  "1": "ફોર્મ",
  "2": "તરફથી (રોંગ જીએસટીએન)",
  "3": "ટુ (રાઇટ જીએસટીએન)",
  "4": "વિગતવાર",
  "5": "મર્જ કરો",
  "6": "જુઓ",
  "7": "ઉમેરો",
  "8": "સુધારો" ,
  "9": "કા Deleteી નાખો",
  "400": "{{menu2.name}}",
  "401": "{{menu3.name}}",
  "402": "{{menu4.name}}",
  "403": "{{menu5.name}}",
  "404": "મેનુ આઇટમ",
  "405": "વિસ્તૃત મેનુ આઇટમ",
  "406": "સબમેનુ આઇટમ ",
  "407": "પ્રક્રિયા",
  "408": "ચલાવો",
  "409": "Result_{{i+1}}",
  "300": "એસજીએસટી",
  "301": "સેસ ચાલુ",
  "302": "શરત",
  "303": "સેસ રેટ (ક્વોટી)",
  "304": "સેસ વેલ્યુ (ક્વોટી)",
  "305": "સેસ ઓન (ક્યુટી)",
  "306": "ડિસ્પ્લેઇંગ સૂચિ",
  "307": "GstRates",
  "308": "સેવા કેટેગરી ",
  "309": "સેવા પ્રદાતા દર",
  "310": "સેવા પ્રાપ્તકર્તા દર",
  "311": "એચએસએન / એસએસી કોડ",
  "312": "સિન ના",
  "313": "નોંધાયેલ Officeફિસ સરનામું",
  "314": "ઇમેઇલ",
  "315": "મોબાઈલ નમ્બર",
  "316": "ડીઓબી",
  "317": "DIN",
  "318": "પ્રાથમિક સરનામું",
  "319": "ગૌણ સરનામું",
  "320": "પેirmીનો પ્રકાર",
  "200": "પીન કોડ",
  "321": "FRN ના",
  "201": "જીએસટીએન વપરાશકર્તા નામ ",
  "322": "GLN ના",
  "202": "જીએસટીએન પાસવર્ડ",
  "323": "પેઢી નું નામ",
  "203": "કેન્દ્ર અધિકારક્ષેત્ર",
  "324": "કેન્દ્ર અધિકારક્ષેત્ર",
  "204": "રાજ્ય અધિકારક્ષેત્ર",
  "325": "રાજ્ય અધિકારક્ષેત્ર",
  "205": "નોંધણીની તારીખ ",
  "326": "રદ કરવાની તારીખ",
  "206": "જીએસટીએનઆઈએન / યુઆઈએન સ્થિતિ",
  "327": "પસંદ કરેલ",
  "207": "રદ કરવાની તારીખ",
  "328": "ચકાસો",
  "208": "ડીલરનો પ્રકાર",
  "329": "ફાઇલિંગ રીટર્ન સ્ટેટસ મેળવો",
  "209": "રચના વિક્રેતા",
  "330": "જીએસટીએન થી ચકાસો",
  "210": "માં પસંદ કરેલ",
  "331": "ટ્રેડ નામ અપડેટ કરો",
  "211": "એન્ટ્રીમોડ",
  "332": "ડીઓબી  ડીઓઆઈ",
  "212": "પ્રોફાઇલ ",
  "333": "પાન સ્થિતિ ",
  "213": "સંપર્ક કરો",
  "334": "ઇમેઇલ -1",
  "214": "પ્રથમ નામ 123",
  "335": "ઇમેઇલ -2",
  "215": "મધ્ય",
  "336": "મોબાઇલ નંબર -1",
  "216": "છેલ્લા",
  "337": "મોબાઇલ નંબર -2 ",
  "217": "પૂરું નામ",
  "338": "પાસપોર્ટ",
  "218": "નિક નેમ",
  "339": "થી માન્ય",
  "219": "પિતાનું નામ ",
  "340": "માન્ય",
  "220": "માતાનું નામ",
  "341": "ઇશ્યૂની તારીખ ",
  "100": "બંધ",
  "221": "જન્મ તારીખ",
  "342": "ઇશ્યૂનું સ્થાન",
  "101": "ઇશ્યૂનું સ્થાન",
  "222": "મૃત્યુ ની તારીખ",
  "343": "પ્રમાણપત્રની તારીખ",
  "102": "પાત્રતા",
  "223": "લિંગ",
  "344": "યુઆઇડી સ્થિતિ",
  "103": "નામથી",
  "224": "વૈવાહિક સ્થિતિ",
  "345": "રીસીવર નામ",
  "104": "ફોર્મ ક .પ્શન",
  "225": "જીવનસાથી નું નામ",
  "346": "-ટીઆઇએન નંબર ",
  "105": "મોડ્યુલ નામ",
  "226": "રાષ્ટ્રીયતા ",
  "347": "ક્રમ",
  "106": "ફોર્મ પ્રકાર",
  "227": "થી",
  "348": "મોબાઇલ",
  "107": "વિભાગનું નામ",
  "228": "પ્રતિ",
  "349": "વપરાશકર્તા કોડ",
  "108": "ભરતિયું પ્રકાર",
  "229": "પાન",
  "109": "ભરતિયું કોડ",
  "350": "જીએસટીએન પ્રકાર",
  "230": "પાસપોર્ટ નથી.",
  "351": "જીએસટીમાંથી આયાત કરો",
  "110": "નામ",
  "231": "યુઆઇડી નં.",
  "352": "ઉપલબ્ધતા તપાસો",
  "111": "બંદર નામ",
  "232": "ડીઆઇએન નંબર.",
  "353": "માલ ઉમેરો",
  "112": "પોર્ટ કોડ",
  "233": "સભ્યપદ નં. ",
  "354": "ચીજો કા Deleteી નાખો",
  "113": "નોંધનો પ્રકાર",
  "234":  "આગળ>",
  "355": "જોડો",
  "114": "કારણ",
  "235": "જી.એસ.ટી. નંબર.",
  "356": "ઓવરરાઇડ",
  "115": "કારણ કોડ",
  "236": "{{statusName ? statusName : 'Owner'}}",
  "357": "Gstin",
  "116": "ટિપ્પણી કરો",
  "237": "મેનેજર",
  "358": "રીસીવર વિગતો મેળવો ",
  "117": "વિભાગ કોડ",
  "238": "ઓડિટર",
  "359": "હા",
  "118": "ફોર્મ મોડ્યુલ",
  "239": "બેંક",
  "119": "ફોર્મનું નામ",
  "10": "રદ કરો",
  "11": "વ્યવસાય નંબર Fla / ફ્લેટ નંબર / ડોર નંબર",
  "12": "જગ્યાઓનું નામ Building / મકાન",
  "13": "માર્ગ / શેરી / લેન",
  "14": "વિસ્તાર / ક્ષેત્ર / ગામ",
  "15": "દેશ",
  "16": "રાજ્ય",
  "17": "શહેર",
  "18": "પિન કોડ",
  "19": "જીલ્લો",
  "360": "ના",
  "240": "માલ અને સેવા",
  "361": "રીટર્નનો પ્રકાર",
  "120": "ટર્ન ઓવર",
  "241": "પીએફ વિગતવાર",
  "362": "ગ્રાહક",
  "121": "રીટર્ન પિરિયડસિટી",
  "242": "વિગતો સુયોજિત કરી રહ્યા છે",
  "363": "ક્લાઈન્ટ મેળવો",
  "122": "તારીખથી",
  "243": "વધારાની વિગત",
  "364": "પૂર્ણ",
  "123": "આજ સુધી",
  "244": "કોડ નંબર ઇપીએફ દ્વારા ફાળવવામાં આવેલ",
  "365": "પસંદ કરેલ",
  "124": "આયાત કરો",
  "245": "પી.એફ. પ્રાદેશિક કચેરી",
  "366": "પ્રથમ નામ",
  "125": "નવું",
  "246": "પી.એફ. કવરેજ તારીખ",
  "367": "ફર્મ નામ",
  "126": "સ્થિતિ",
  "247": "પેન્શન કવરેજ તારીખ",
  "368": "વપરાશકર્તાની ભૂમિકા",
  "127": "બરાબર",
  "248": "ESI નંબર",
  "369": "જીએસટીએન",
  "128": "મોડેલ બતાવો",
  "249": "ESI લોકલ Officeફિસ",
  "129": "કંપની કેટેગરી નામ",
  "20": "તહસીલ",
  "21": "ટપાલખાતાની કચેરી",
  "22": "પાલિકા નં.",
  "23": "કોન્સોલિડેટેડ સરનામું",
  "24": "સાચવો",
  "25": "અપડેટ",
  "26": "પાછળ",
  "27": "�",
  "28": "શહેરનું નામ",
  "29": "શહેર કોડ",
  "370": "વપરાશકર્તા પર ભૂમિકાના અધિકાર (મેનુ) ની ક Copyપિ બનાવો",
  "250": "પીટી રેગ. પ્રમાણપત્ર નં.",
  "371": "મેનુ રાઇટ્સ",
  "130": "કંપની કેટેગરી કોડ",
  "251": "પીટીઓ સર્કલ નં.",
  "372": "અધિકાર દૂર કરોs",
  "131": "લેબલ ટેબલ એનએએફ !!",
  "252": "પીટી એનઆર. પ્રમાણપત્ર નં.",
  "373": "લ Loginગિન સક્રિય કરો",
  "132": "કંપની વર્ગ નામ",
  "253": "વેબસાઇટ",
  "374": "બટન રાઇટ્સ",
  "133": "કંપની વર્ગ કોડ",
  "254": "...",
  "375": "વપરાશકર્તાઓ",
  "134": "કંપની રોક નામ",
  "255": "ક્લાયંટ કોડ",
  "376": "વપરાશકર્તા પર બટન રાઇટ્સની ક Copyપિ કરો",
  "135": "કંપની રocક કોડ",
  "256": "સંગઠનનું નામ",
  "377": "જુનો પાસવર્ડ",
  "136": "Cકંપની સબકેટેગરી નામ",
  "257": "નિવેશની તારીખ",
  "378": "નવો પાસવર્ડ",
  "137": "કંપની સબ કેટેગરી કોડ",
  "258": "પ્રારંભની તારીખ",
  "379": "નવો પાસવર્ડ ફરીથી નાંખો",
  "138": "કંપની પ્રકારનું નામ",
  "259": "નજીકની તારીખ",
  "139": "કંપની પ્રકાર કોડ",
  "30": "સંપાદનયોગ્ય",
  "31": "સૂચિમાં દર્શાવો",
  "32": "લાગુ કરો",
  "33": "સુધારો વિગતો",
  "34": "લેબલ એનએએફ !!",
  "35": "વપરાયેલ નથી",
  "36": "વિગતો",
  "37": "દેશનું નામ",
  "38": "દેશનો કોડ",
  "39": "જિલ્લાનું નામ",
  "380": "વર્ષ:",
  "260": "ટન",
  "381": "માસ :",
  "140": "ઉદ્યોગ નામનું કંપની પ્રકાર",
  "261": "દુકાન નોંધણી નં",
  "382": "ગ્રાહકનું નામ:",
  "141": "કંપની પ્રકારનો ડીન્ડસ્ટ્રી કો",
  "262": "સીઆઇએન / એફઆરએન / જીએલએન",
  "383": "જીએસટી નંબર:",
  "142": "લ Loginગિન પેજ પર પણ આ લાગુ કરો",
  "263": "કંપનીનો પ્રકાર",
  "384": "રાજ્યનું નામ:",
  "143": "{{input.label}}",
  "264": "કંપનીનો વર્ગ",
  "385": "વપરાશકર્તા નામ:",
  "144": "અપ્પી વિકલ્પ થીમ ",
  "265": "શેર કેપિટલ છે",
  "386": "મોડ:",
  "145": "થીમ લાગુ પડે છે",
  "266": "પેટા વર્ગ",
  "387": "{{appName}}",
  "146": "ફરીથી સેટ કરો",
  "267": "અન્ય, જો કોઈ હોય તો",
  "388": "મહત્વપૂર્ણ તારીખ",
  "147": "મુખપૃષ્ઠ પૃષ્ઠભૂમિની",
  "268": "સે. 8 લાઇસન્સ નં.",
  "389": "કરદાતા શોધો",
  "148": "મેનુ પોઝિશન",
  "269": "ઉદ્યોગનો પ્રકાર",
  "149": "{{theme.section_name}}",
  "40": "જીલ્લો કોડ",
  "41": "મ્યુનિસિપલ નામ",
  "42": "કોડ",
  "43": "બહાર નીકળો",
  "44": "પોસ્ટ Officeફિસનું નામ",
  "45": "પોસ્ટ Officeફિસ કોડ",
  "46": "વિશેષ",
  "47": "રાજ્યનું નામ",
  "48": "રાજ્ય કોડ",
  "49": "આ કસ્ટમ ચેકબોક્સને તપાસોs",
  "390": "એસએજી લાઇવ સપોર્ટ",
  "270": "પ્રીફિલ",
  "391": "સહાય કરો",
  "150": "પૃષ્ઠ નામ",
  "271": "સેટઅપ પ્રકાર છોડો",
  "392": "Helpનલાઇન સહાય",
  "151": "સૂચન",
  "272": "ડિફaultલ્ટ હાજરી",
  "393": "Lineફલાઇન સહાય",
  "152": "{{option.name}}",
  "273": "કર્મચારીની સૂચિનો ઓર્ડર",
  "394": "ભાષા",
  "153": "{{subele.name}}",
  "274": "શાખા કોડ સાથે શાખા નામ બતાવો",
  "395": "નવું અપડેટ",
  "154": "સી.આઇ.એન.",
  "275": "આપમેળે પીએફ નો જનરેટ કરશો નહીં",
  "396": "એસ.એ.જી.",
  "155": "ડિડક્ટરનો પ્રકાર",
  "276": "છેલ્લું વળતર સબમિટ કર્યા પછી એમ્પ્લોયરનું સરનામું બદલાયું છે",
  "397": "લૉગ આઉટ",
  "156": "સરકાર.",
  "277": "લાયકાત નામ",
  "398": "{{appData.appName}}",
  "157": "કેન્દ્ર સરકાર",
  "278": "લાયકાત કોડ",
  "399": "{{menu1.name}}",
  "158": "અન્ય",
  "279": "ક Calendarલેન્ડર વર્ષ",
  "159": "પીએઓ કોડ",
  "50": "તહસીલ નામ",
  "51": "બેંકનું નામ",
  "52": "સરનામું",
  "53": "એમ.આઇ.સી.આર.",
  "54": "આઈએફએસસી",
  "55": "બી.એસ.આર.",
  "56": "બેંક વિગતવાર",
  "57": "બેંકનું નામ",
  "58": "બેંક કોડ",
  "59": "જૂથનું નામ",
  "280": "નાણાકીય વર્ષ",
  "160": "ડીડીઓ કોડ",
  "281": "અર્ધ વર્ષનો પ્રકાર",
  "161": "મંત્રાલયનું નામ",
  "282": "અર્ધ વર્ષનો કોડ",
  "162": "મંત્રાલય (અન્ય લોકો)",
  "283": "પીરિયડનો પ્રકાર",
  "163": "પીએઓ રેગ. ના.",
  "284": "પીરિયડ ટાઇપ કોડ",
  "164": "ડીડીઓ રેગ. ના.",
  "285": "ક્વાર્ટર નામ",
  "165": "ટીડીએસ સર્કલ",
  "286": "ક્વાર્ટર કોડ",
  "166": "ટન રેગ. ના.",
  "287": "અર્ધ વાર્ષિક",
  "167": "પીએઓ A / ટુ / સીડીડીઓના એન એન",
  "288": "અર્ધવાર્ષિક કોડ",
  "168": "એલડબ્લ્યુએફ રેગ. ના.",
  "289": "વર્ષનો પ્રકાર",
  "169": "મજૂર ઓળખ નંબર",
  "60": "જૂથ કોડ",
  "61": "સંપર્ક પ્રકારનો સંપર્ક પ્રકારસંપર્ક પ્રકારનો સંપર્ક પ્રકાર",
  "62": "ઇમેઇલ આઈડી",
  "63": "URL",
  "64": "આઈએસડી કોડ",
  "65": "સંપાદનયોગ્ય એડિટબલ",
  "66": "એસટીડી કોડ",
  "67": ".લાન્ડલિન નો",
  "68": "મોબાઇલ નંબર",
  "69": "હોદ્દો",
  "290": "માલિકનો પ્રકાર",
  "170": "શાખા / વિભાગ",
  "291": "શીર્ષક નામ",
  "171": "પૂર્વ",
  "292": "સ્થિતિ નામ",
  "172": "વિકલ્પ જુઓ",
  "293": "સ્થિતિ કોડ",
  "173": "આચાર્ય સ્થાન",
  "294": "સંપાદનયોગ્ય",
  "174": "વધારાની જગ્યા",
  "295": "સેસ પ્રકાર",
  "175": "સરનામું નામ",
  "296": "સેસ રેટ",
  "176": "સંપત્તિનું શીર્ષક",
  "297": "વિકલ્પ",
  "177": "{{obj.naturebzName}}",
  "298": "આઈ.જી.એસ.ટી.",
  "178": "x",
  "299": "સી.જી.એસ.ટી.",
  "179": "પ્રાથમિક",
  "70": "સ્થિતિ હેઠળ",
  "71": "માલિકો",
  "72": "મગનર",
  "73": "સહી કરનાર",
  "74": "વર્ષ",
  "75": "સમયગાળો",
  "76": "રીટર્ન ફોર્મ નં",
  "77": "ફાઇલિંગ પીરિયડ",
  "78": "નિયત તારીખ",
  "79": "વિસ્તૃત નિયત તારીખ",
  "180": "બેંકનું સરનામું",
  "181": "આઈએફએસસી કોડ",
  "182": "એમઆઈસીઆર કોડ",
  "183": "ખાતાનો પ્રકાર",
  "184": "બેંક એકાઉન્ટ નંબર",
  "185": "વિગતો મેળવો",
  "186": "અધ્યાય",
  "187": "પેટા પ્રકરણ",
  "188": "એચએસએન કોડ",
  "189": "વસ્તુ",
  "80": "સૂચના નં",
  "81": "ડીલરનો પ્રકાર",
  "82": "વર્ગ નામ",
  "83": "પ્રકરણનું નામ",
  "84": "કેટેગરી",
  "85": "એચએસએન એસએસી કોડ",
  "86": "વર્ણન",
  "87": "ટુકુ નામ",
  "88": "પેટા પ્રકરણ કોડ",
  "89": "પેટા પ્રકરણનું નામ",
  "190": "એસકયુ",
  "191": "શોર્ટ કી",
  "192": "માલ",
  "193": "સેવાઓ",
  "194": "એસએસી કોડ",
  "195": "જીએસટી નં",
  "196": "ETIN",
  "197": "રેટિંગ",
  "198": "Status {{statusId}}",
  "199": "તારીખ ચકાસો",
  "90": "પ્રકરણ કોડ",
  "91": "પ્રકાર",
  "92": "વસ્તુનુ નામ",
  "93": "એચએસએન એસએસી ટૂંકી નામ",
  "94": "Name : {{formInfo.selectedClient['clientName'] }}",
  "95": "GSTN No :{{formInfo.selectedClient['gstNo']}}",
  "96": "વપરાશકર્તા નામ",
  "97": "પાસવર્ડ",
  "98": "કેપ્ચા દાખલ કરો",
  "99": "સબમિટ કરો"
}