{
	"0": "خوش آمدید",
	"1": "فارم",
	"2": "منجانب (غلط جی ایس ٹی این)",
	"3": "ٹو (دائیں جی ایس ٹی این)",
	"4": "تفصیل",
	"5": "ضم",
	"6": "دیکھیں",
	"7": "شامل کریں",
	"8": "ترمیم کریں",
	"9": "حذف کریں",
	"400": "{{menu2.name}}",
	"401": "{{menu3.name}}",
	"402": "{{menu4.name}}",
	"403": "{{menu5.name}}",
	"404": "مینو آئٹم",
	"405": "توسیع پذیر مینو آئٹم",
	"406": "سب میینو آئٹم",
	"407": "عمل",
	"408": "پھانسی",
	"409": "Result_{{i+1}}",
	"300": "SGST",
	"301": "Cess On",
	"302": "حالت",
	"303": "Cess Rate (Qty)",
	"304": "Cess Value (Qty)",
	"305": "Cess On (Qty)",
	"306": "ڈسپلے کی فہرست",
	"307": "GstRates",
	"308": "سروس کیٹیگری",
	"309": "سروس فراہم کرنے والے کی شرح",
	"310": "خدمت وصول کنندہ کی شرح",
	"311": "HSN/SAC Code",
	"312": "Cin No",
	"313": "رجسٹرڈ آفس ایڈریس",
	"314": "ای میل",
	"315": "موبائل نمبر",
	"316": "DOB",
	"317": "DIN",
	"318": "بنیادی پتہ",
	"319": "دوسرا پتہ",
	"320": "فرم کی قسم",
	"200": "خفیہ نمبر",
	"321": "ایف آر این نمبر",
	"201": "جی ایس ٹی این صارف نام",
	"322": "جی ایل این نمبر",
	"202": "جی ایس ٹی این پاس ورڈ",
	"323": "تجارتی نام",
	"203": "مرکز کا دائرہ اختیار",
	"324": "مرکز انصاف",
	"204": "ریاست کا دائرہ اختیار",
	"325": "ریاستی انصاف",
	"205": "رجسٹریشن کی تاریخ",
	"326": "منسوخی کی تاریخ",
	"206": "GSTNIN/UIN Status",
	"327": "آپٹ آؤٹ",
	"207": "منسوخی کی تاریخ",
	"328": "تصدیق کریں",
	"208": "ڈیلر کی قسم",
	"329": "فائلنگ کی واپسی کی حیثیت حاصل کریں",
	"209": "مرکب فروش",
	"330": "جی ایس ٹی این سے تصدیق کریں",
	"210": "آپٹ ان",
	"331": "تجارتی نام کو اپ ڈیٹ کریں",
	"211": "انٹری موڈ",
	"332": "DOB/DOI",
	"212": "پروفائل",
	"333": "پین کی حیثیت",
	"213": "رابطہ کریں",
	"334": "ای میل-1",
	"214": "پہلا نام 123",
	"335": "ای میل-2",
	"215": "وسط",
	"336": "موبائل نمبر-1",
	"216": "آخری",
	"337": "موبائل نمبر-2",
	"217": "پورا نام",
	"338": "پاسپورٹ",
	"218": "نک نام",
	"339": "سے درست",
	"219": "والد کا نام",
	"340": "اس تاریخ تک کارآمد ہ",
	"220": "ماں کا نام",
	"341": "تاریخ اجراء",
	"100": "بند کریں",
	"221": "پیدائش کی تاریخ",
	"342": "مسئلے کی جگہ",
	"101": "پاسورڈ بھول گے",
	"222": "تاریخ وفات",
	"343": "سند کی تاریخ",
	"102": "اہلیت",
	"223": "صنف",
	"344": "UID کی حیثیت",
	"103": "نام سے",
	"224": "ازدواجی حیثیت",
	"345": "وصول کنندہ کا نام",
	"104": "فارم کیپشن",
	"225": "شریک حیات کا نام",
	"346": "E-TIN No",
	"105": "ماڈیول کا نام",
	"226": "قومیت",
	"347": "رینک",
	"106": "فارم کی قسم",
	"227": "سے",
	"348": "موبائل",
	"107": "سیکشن کا نام",
	"228": "کرنا",
	"349": "صارف کا کوڈ",
	"108": "انوائس کی قسم",
	"229": "پین",
	"109": "انوائس کوڈ",
	"350": "جی ایس ٹی این کی قسم",
	"230": "پاسپورٹ نمبر",
	"351": "جی ایس ٹی سے درآمد کریں",
	"110": "نام",
	"231": "UID No.",
	"352": "دستیابی کو چیک کریں",
	"111": "بندرگاہ کا نام",
	"232": "نہیں",
	"353": "سامان شامل کریں",
	"112": "پورٹ کوڈ",
	"233": "ممبرشپ نمبر",
	"354": "سامان کو حذف کریں",
	"113": "نوٹ کی قسم",
	"234": "اگلے >",
	"355": "شامل کریں",
	"114": "وجہ",
	"235": "Gst No.",
	"356": "اوور رائڈ",
	"115": "Reason Code",
	"236": "{{statusName ? statusName : 'Owner'}}",
	"357": "Gstin",
	"116": "تبصرہ",
	"237": "منیجر",
	"358": "وصول کنندہ کی تفصیلات حاصل کریں",
	"117": "سیکشن کوڈ",
	"238": "آڈیٹر",
	"359": "جی ہاں",
	"118": "فارم ماڈیول",
	"239": "بینک",
	"119": "فارم کا نام",
	"10": "منسوخ کریں",
	"11": "بزنس نمبر/فلیٹ نمبر/ دروازہ نمبر",
	"12": "احاطے کا نام/ عمارت",
	"13": "روڈ/ گلی/ لین",
	"14": "علاقہ/ رقبہ/ گاؤں",
	"15": "ملک",
	"16": "ریاست",
	"17": "شہر",
	"18": "زپ کوڈ",
	"19": "ضلع",
	"360": "نہیں",
	"240": "سامان اور خدمت",
	"361": "واپسی کی قسم",
	"120": "ٹرن اوور",
	"241": "پی ایف تفصیل",
	"362": "مؤکل",
	"121": "وقتا فوقتا واپس کریں",
	"242": "تفصیل ترتیب دینا",
	"363": "موکل حاصل کریں",
	"122": "اس تاریخ سے",
	"243": "اضافی تفصیل",
	"364": "مکمل",
	"123": "آج تک",
	"244": "کوڈ نمبر ای پی ایف کے ذریعہ الاٹ کیا گیا",
	"365": "منتخب شدہ",
	"124": "درآمد کریں",
	"245": "پی ایف ریجنل آفس",
	"366": "پہلا نام",
	"125": "نئی",
	"246": "پی ایف کوریج کی تاریخ",
	"367": "فرم نام",
	"126": "حالت",
	"247": "پنشن کوریج کی تاریخ",
	"368": "صارف کا کردار",
	"127": "ٹھیک ہے",
	"248": "ESI Number",
	"369": "GSTN",
	"128": "ماڈل دکھائیں",
	"249": "ESI Local Office",
	"129": "کمپنی کے زمرے کا نام",
	"20": "تحصیل",
	"21": "ڈاک خانہ",
	"22": "میونسپل نمبر",
	"23": "مستحکم ایڈریس",
	"24": "محفوظ کریں",
	"25": "اپ ڈیٹ",
	"26": "پیچھے",
	"27": "�",
	"28": "شہر کا نام",
	"29": "سٹی کوڈ",
	"370": "صارف پر کردار کے حقوق (مینو) کاپی کریں",
	"250": "پی ٹی ریگ سند نمبر",
	"371": "مینو رائٹس",
	"130": "کمپنی کے زمرے کا کوڈ",
	"251": "پی ٹی او سرکل نمبر",
	"372": "حقوق ہٹائیں",
	"131": "لیبل ٹیبل این اے ایف !!",
	"252": "پی ٹی اینر سند نمبر",
	"373": "لاگ ان کو چالو کریں",
	"132": "کمپنی کلاس کا نام",
	"253": "ویب سائٹ",
	"374": "بٹن کے حقوق",
	"133": "کمپنی کلاس کوڈ",
	"254": "...",
	"375": "صارفین",
	"134": "کمپنی راک نام",
	"255": "کلائنٹ کوڈ",
	"376": "صارف پر بٹن کے حقوق کاپی کریں",
	"135": "کمپنی راک کوڈ",
	"256": "تنظیم کا نام",
	"377": "پرانا پاسورڈ",
	"136": "کمپنی کے ذیلی زمرے کا نام",
	"257": "کارپوریشن کی تاریخ",
	"378": "نیا پاس ورڈ",
	"137": "کمپنی سب زمرے کا کوڈ",
	"258": "شروع ہونے کی تاریخ",
	"379": "نیا پاس ورڈ دوبارہ ٹائپ کریں",
	"138": "کمپنی کی قسم کا نام",
	"259": "قریب قریب کی تاریخ",
	"139": "کمپنی کی قسم کا کوڈ",
	"30": "قابل تدوین",
	"31": "فہرست میں دکھائیں",
	"32": "درخواست دیں",
	"33": "تفصیلات میں ترمیم کریں",
	"34": "لیبل این اے ایف !!",
	"35": "استعمال نہیں کیا",
	"36": "تفصیلات",
	"37": "ملک کا نام",
	"38": "ملک کا کوڈ",
	"39": "ضلع کا نام",
	"380": "سال :",
	"260": "TAN",
	"381": "مہینہ :",
	"140": "صنعت کے نام کی کمپنی کی قسم",
	"261": "دکان رجسٹریشن نمبر",
	"382": "مؤکل کا نام :",
	"141": "صنعت کے کوڈ کی کمپنی کی قسم",
	"262": "CIN/FRN/GLN",
	"383": "GST No. :",
	"142": "لاگ ان پیج پر بھی اس کا اطلاق کریں",
	"263": "کمپنی کی قسم",
	"384": "ریاست کا نام :",
	"143": "{{input.label}}",
	"264": "کمپنی کی کلاس",
	"385": "صارف کا نام :",
	"144": "اپی آپشن تھیم",
	"265": "شیئر کیپیٹل ہونا",
	"386": "وضع :",
	"145": "�تھیم لگائیں",
	"266": "ذیلی زمرہ",
	"387": "{{appName}}",
	"146": "ری سیٹ کریں",
	"267": "دوسرے ، اگر کوئی ہے",
	"388": "اہم تاریخ",
	"147": "مرکزی صفحہ کے پس منظر",
	"268": "سیکنڈ 8 لائسنس نمبر",
	"389": "ٹیکس دہندہ تلاش کریں",
	"148": "مینو کی پوزیشن",
	"269": "صنعت کی قسم",
	"149": "{{theme.section_name}}",
	"40": "ڈسٹرکٹ کوڈ",
	"41": "میونسپل نام",
	"42": "کوڈ",
	"43": "باہر نکلیں",
	"44": "پوسٹ آفس کا نام",
	"45": "پوسٹ آفس کوڈ",
	"46": "خاص",
	"47": "ریاست کا نام",
	"48": "ریاست کا کوڈ",
	"49": "اس کسٹم چیک باکس کو چیک کریں",
	"390": "ایس اے جی لائیو سپورٹ",
	"270": "پریفل",
	"391": "مدد",
	"150": "صفحے کا نام",
	"271": "سیٹ اپ کی قسم چھوڑیں",
	"392": "آن لائن مدد",
	"151": "مشورہ",
	"272": "پہلے سے طے شدہ حاضری",
	"393": "آف لائن مدد",
	"152": "{{option.name}}",
	"273": "ملازم لسٹ آرڈر",
	"394": "زبان",
	"153": "{{subele.name}}",
	"274": "برانچ کوڈ کے ساتھ برانچ کا نام دکھائیں",
	"395": "نئی تازہ کاری",
	"154": "CIN",
	"275": "خود کار طریقے سے پی ایف نہیں بنائیں",
	"396": "SAG",
	"155": "ڈیوڈکٹر کی قسم",
	"276": "آخری ریٹرن جمع کروانے کے بعد سے آجر کا پتہ تبدیل ہوا ہے",
	"397": "لاگ آوٹ",
	"156": "گورنمنٹ",
	"277": "اہلیت کا نام",
	"398": "{{appData.appName}}",
	"157": "یونین گورنمنٹ",
	"278": "اہلیت کا کوڈ",
	"399": "{{menu1.name}}",
	"158": "دیگر",
	"279": "کیلنڈر سال",
	"159": "پی اے اے کوڈ",
	"50": "تحصیل نام",
	"51": "بینک کا نام",
	"52": "پتہ",
	"53": "MICR",
	"54": "IFSC",
	"55": "BSR",
	"56": "بینک تفصیل",
	"57": "بینک کا نام",
	"58": "بینک کوڈ",
	"59": "گروہ کا نام",
	"280": "مالی سال",
	"160": "DDO Code",
	"281": "نصف سال کی قسم",
	"161": "وزارت کا نام",
	"282": "نصف سال کا کوڈ",
	"162": "وزارت (اگر دیگر)",
	"283": "مدت کی قسم",
	"163": "PAO Reg. No.",
	"284": "مدت کا کوڈ",
	"164": "DDO Reg. No.",
	"285": "کوارٹر کا نام",
	"165": "TDS Circle",
	"286": "کوارٹر کوڈ",
	"166": "TAN Reg. No.",
	"287": "نصف سالانہ",
	"167": "AIN of PAO/To/CDDO",
	"288": "ششماہی کوڈ",
	"168": "LWF Reg. No.",
	"289": "سال کی قسم",
	"169": "مزدور کی شناخت نمبر",
	"60": "گروپ کوڈ",
	"61": "رابطہ کی قسم",
	"62": "ای میل کا پتہ",
	"63": "URL",
	"64": "ISD Code",
	"65": "قابل تدوین",
	"66": "STD Code",
	"67": "لینڈ لائن نمبر",
	"68": "موبائل فون کانمبر",
	"69": "عہدہ",
	"290": "مالک کی قسم",
	"170": "شاخ/ڈویژن",
	"291": "عنوان کا نام",
	"171": "پچھلا",
	"292": "حیثیت کا نام",
	"172": "آپشن دیکھیں",
	"293": "حیثیت کا کوڈ",
	"173": "پرنسپل پلیس",
	"294": "ترمیم کریں",
	"174": "اضافی جگہ",
	"295": "Cess Type",
	"175": "پتہ کا نام",
	"296": "Cess Rate",
	"176": "پراپرٹی کا عنوان",
	"297": "آپشن",
	"177": "{{obj.naturebzName}}",
	"298": "IGST",
	"178": "x",
	"299": "CGST",
	"179": "پرائمری",
	"70": "حیثیت کے تحت",
	"71": "مالکان",
	"72": "چرنی",
	"73": "دستخط کنندہ",
	"74": "سال",
	"75": "مدت",
	"76": "فارم نمبر",
	"77": "فائل کرنے کی مدت",
	"78": "اخری تاریخ",
	"79": "تاریخ میں توسیع",
	"180": "بینک کا پتہ",
	"181": "IFSC Code",
	"182": "MICR Code",
	"183": "اکاؤنٹ کی قسم",
	"184": "بینک اکاؤنٹ نمبر",
	"185": "تفصیل حاصل کریں",
	"186": "باب",
	"187": "سب باب",
	"188": "HSN Code",
	"189": "آئٹم",
	"80": "اطلاع نمبر",
	"81": "ڈیلر کی قسم",
	"82": "قسم کا نام",
	"83": "باب کا نام",
	"84": "قسم",
	"85": "HSN SAC Code",
	"86": "تفصیل",
	"87": "مختصر نام",
	"88": "ذیلی باب کوڈ",
	"89": "سب باب کا نام",
	"190": "SKU",
	"191": "شارٹ کی",
	"192": "سامان",
	"193": "خدمات",
	"194": "SAC Code",
	"195": "GST No",
	"196": "ETIN",
	"197": "درجہ بندی",
	"198": "Status {{statusId}}",
	"199": "تاریخ کی تصدیق کریں",
	"90": "باب کوڈ",
	"91": "ٹائپ کریں",
	"92": "شے کا نام",
	"93": "HSN SAC Short Name",
	"94": "Name : {{formInfo.selectedClient['clientName'] }}",
	"95": "GSTN No :{{formInfo.selectedClient['gstNo']}}",
	"96": "صارف کا نام",
	"97": "پاس ورڈ",
	"98": "کیپچا داخل کریں",
	"99": "جمع کرائیں"
}