{
  "users": [
    {
      "user_name": "Ujagar Singh Meena",
      "user_mobile": "9828784536",
      "sch_name": "Raj Bharti School,",
      "sch_address": "Jhotwara, Jaipur",
      "sch_recog": "9822545/2019",
      "sft_plan": "Single School",
      "description": "Thanks",
      "id": 1
    },
    {
      "user_name": "Singh Garima",
      "user_mobile": "9828784537",
      "sch_name": "Garima Jaipur School",
      "sch_address": "Jamwaramgarh Jaipur",
      "sch_recog": "123456/789/45",
      "sft_plan": "ERP Solution",
      "description": "Plz update Soon.",
      "id": 2
    }
  ],
  "todos": [
    {
      "text": "Hellow",
      "desc": "Hi test",
      "completed": false,
      "id": 1
    },
    {
      "text": "this",
      "desc": "that final ",
      "completed": false,
      "id": 2
    },
    {
      "text": "Mani Prakash Singhal",
      "desc": "He is my Guru",
      "completed": false,
      "id": 3
    },
    {
      "text": "Mani Prakash",
      "desc": "Java Developer, is the best tutor for me.",
      "completed": false,
      "id": 4
    }
  ]
}